Year,Taxable Balance, Tax-advantaged Balance, Wealth Lost to Tax
1,2.0198,2.02,0.0002
2,3.0497,3.0502,0.00050398
3,4.08979,4.0907,0.000913989
4,5.14018,5.14161,0.00143211
5,6.20096,6.20303,0.00206045
6,7.27225,7.27506,0.00280115
7,8.35415,8.35781,0.00365638
8,9.44676,9.45138,0.00462836
9,10.5502,10.5559,0.00571932
10,11.6645,11.6715,0.00693153
